Title,Summary,Content,URL,Contributor,Combined,Embedding
Chương trình đào tạo cử nhân hệ chính quy ngành Ngôn ngữ Anh,"""Trình độ và hệ đào tạo""","""- Cử nhân ngành Ngôn ngữ Anh (định hướng: Biên phiên dịch; và Phương pháp giảng dạy tiếng Anh).
- Các hệ đào tạo: Chính quy, Vừa làm vừa học, Bằng đại học thứ 2, Học cùng lúc 2 chương trình.""",https://hanu.edu.vn/c/6914/Ngon-ngu-Anh,,"Title: Chương trình đào tạo cử nhân hệ chính quy ngành Ngôn ngữ Anh
Summary: ""Trình độ và hệ đào tạo""
Content: ""- Cử nhân ngành Ngôn ngữ Anh (định hướng: Biên phiên dịch; và Phương pháp giảng dạy tiếng Anh).
- Các hệ đào tạo: Chính quy, Vừa làm vừa học, Bằng đại học thứ 2, Học cùng lúc 2 chương trình.""
URL: https://hanu.edu.vn/c/6914/Ngon-ngu-Anh","[-0.011074952, 0.02965071, 0.015559768, -0.047903325, 0.061886553, -0.019946663, -0.00039780716, 0.04629741, -0.008808062, -0.009043075, -0.0124850245, 0.031237043, -0.059379756, 0.021523204, -0.0039829677, -0.006864316, -0.026987238, -0.036113545, 0.049744256, 0.0104874205, 0.036642324, 0.022032397, 0.015246418, 0.03744528, 0.015452054, -0.01749862, 0.051546015, -0.012132507, -0.041988853, -0.00843596, 0.005380801, -0.024872128, 0.015980832, 0.022228241, 0.07116954, 0.028593155, 0.014913484, 0.0117506115, -0.016039586, -0.033978853, 0.0119562475, -0.036505233, -0.007662378, -0.034625135, 0.0026365435, 0.019506015, -0.010712641, 0.025812177, 0.025968852, 0.0070258863, -0.019329756, 0.0042865253, 0.036387727, 0.027731443, -0.05166352, 0.009145893, -0.0029890619, -0.025400905, -0.014776394, -0.0627091, 0.04053961, -0.04990093, 0.0022326163, 0.07931663, -0.002219152, -0.012112922, -0.018213447, -0.049156725, -0.012142299, -0.062121566, 0.03131538, 0.009806865, -0.017381113, 0.03006198, -0.016362727, 0.0336655, -0.059967287, 0.032803793, -0.037621543, 0.015892703, 0.015608729, 0.0036010728, -0.00055937807, -0.037856553, -0.02056357, -0.02645846, -0.03499724, 0.021660294, -0.027966456, -0.060985673, -0.007486119, 0.033371735, -0.010320954, 0.022032397, 0.06255242, 0.0043648626, -0.0038532214, -0.029611541, 0.012573155, 0.004541122, 0.016754413, 0.0012742069, -0.022228241, 0.00809813, 0.018017605, -0.077945724, 0.03235335, -0.0075301835, -0.06615594, 0.008905984, -0.07516474, 0.036779415, 0.036838166, -0.029396113, -0.005385697, -0.028338559, 0.050645135, 0.0020918536, -0.009038179, 0.0047173807, -0.012279389, -0.049470074, 0.018477837, -0.048569195, -0.01979978, 0.076731496, -0.00632085, 0.06455003, 0.0023684828, 0.0045876345, 0.047707483, -0.0067174328, -0.057813007, -0.018027397, -0.021758216, -0.03595687, -0.006276785, 0.005601125, -0.017616125, -0.020994427, 0.07383301, -0.0042571486, -0.02677181, 0.03382218, 0.00017748319, -0.008744413, -0.031374134, 0.038522422, 0.009753007, 0.02514631, -0.055815406, 0.024539193, -0.021268606, 0.016901296, -0.024284597, -0.0051359963, -0.057303816, 0.021346945, -0.012318558, -0.019946663, 0.022208655, -0.011368717, -0.026399707, 0.026967654, -0.04449565, -0.0039707273, -0.018634511, -0.020602738, -0.053112764, 0.015530392, -0.018742226, 0.018164488, -0.007853325, 0.05017511, 0.023227042, -0.04273306, 0.030532006, -0.03290171, -0.061925724, 0.02510714, 0.039756235, 0.022894109, -0.02947445, -0.044573985, -0.014355331, -0.021307776, -0.007442054, -0.0094347615, 0.02038731, 0.0033489242, -0.00643346, 0.004778582, 0.059379756, -0.025126725, -0.03495807, -0.015667481, 0.010859524, -0.023324965, 0.016803375, -0.041283816, 0.02555758, 0.0038409813, -0.020798583, -0.047315795, 0.0017332152, 0.014032189, 0.005297567, 0.00699651, 0.0021285743, -0.046140734, 0.04147966, -0.01097703, 0.012396895, 0.027163498, -0.058008853, -0.003938903, 0.0003157977, 0.026575966, 0.042380538, -0.007916975, 0.013062763, -0.017390905, 0.020406896, 0.02132736, -0.024245428, 0.015373717, 0.006110318, -0.015217042, 0.0037773321, -0.03895328, 0.027045991, 0.018487629, -0.017430075, -0.022130318, 0.008494713, -0.063688315, -0.012857128, 0.0172734, -0.032157507, 0.03180499, -0.03797406, -0.012886504, 0.049548414, 0.02205198, 0.00919975, -0.010271993, 0.005483619, -0.061573204, 0.06408, 0.0021457106, 0.008455545, 0.028123131, 0.02510714, 0.0032607948, -0.032372937, -0.004648836]"
Chương trình đào tạo cử nhân hệ chính quy ngành Ngôn ngữ Anh,"""Thông tin liên lạc""","""Phòng 217 nhà C Trường Đại học Hà Nội; Điện thoại: 024 38543136; Email: vpktienganh@hanu.edu.vn; Facebook: http://fb.com/hanuenglishdepartment""",https://hanu.edu.vn/c/6914/Ngon-ngu-Anh,,"Title: Chương trình đào tạo cử nhân hệ chính quy ngành Ngôn ngữ Anh
Summary: ""Thông tin liên lạc""
Content: ""Phòng 217 nhà C Trường Đại học Hà Nội; Điện thoại: 024 38543136; Email: vpktienganh@hanu.edu.vn; Facebook: http://fb.com/hanuenglishdepartment""
URL: https://hanu.edu.vn/c/6914/Ngon-ngu-Anh","[-0.029335693, 0.0076609435, 0.002647426, -0.031143924, 0.057786502, 0.0059104203, 0.006333624, 0.06667378, -0.011147562, -0.048899233, -0.012638393, 0.028893251, -0.024661217, 0.013215489, 0.008718953, 0.002456263, -0.046283066, 0.0046720696, 0.024026413, 0.0020967806, 0.028316157, 0.017341722, 0.004580696, 0.012676866, 0.03333689, -0.0041094013, 0.04647543, -0.038434565, -1.2755465e-05, -0.011070617, 0.01149382, -0.026007773, 0.04524429, 0.041704774, 0.041589353, 0.045936808, 0.028527757, -0.0017733666, -0.034144823, -0.020467656, 0.0001892092, -0.01536036, 0.014417771, -0.023757102, 0.0012491714, 0.02641174, -0.008281321, 0.027488986, 0.02658487, -0.0069588106, -0.022449018, 0.0036020381, 0.005823856, 0.025488388, -0.038376857, 0.0071271304, 0.00983467, -0.01923652, 0.026623342, -0.012426792, 0.021006279, -0.040819895, -0.0056026364, 0.043359116, -0.015610435, -0.047783513, -0.00884399, -0.026065484, 0.0047273748, -0.032779027, 0.037722815, 0.037703577, -0.022410545, 0.026430978, -0.03272132, 0.029277982, -0.08271703, 0.031047741, -0.049053125, -0.031297818, 0.00097204535, 0.0030802477, -0.025853882, -0.036376256, -0.039050132, -0.011089853, -0.052015547, 0.02620014, -0.04747573, -0.032528955, 0.00190682, 0.043359116, -0.04282049, 0.020736968, 0.04797588, 0.00878628, -0.014879447, -0.050207313, 0.015764328, 0.0037679533, 0.005477599, -0.008430405, -0.0040036007, -0.021352537, 0.022949167, -0.05659384, 0.026757998, -0.024680454, -0.07863889, 0.022045052, -0.085948765, 0.014331207, 0.019909797, -0.027315857, -0.0123787, -9.648316e-05, 0.047321837, -0.0412431, -0.015158377, 0.016476078, -0.0074060597, -0.012975032, 0.043282166, -0.04897618, -0.0055064536, 0.05609369, 0.0056747734, 0.043474533, -0.007853309, 0.018659424, 0.0338178, -0.047091, -0.034664206, 0.009291239, -0.021410245, -0.037703577, -0.011176418, 0.0076513253, -0.011282219, -0.048668392, 0.092720024, 0.023141533, -0.0031211253, 0.009171011, -0.003962723, -0.020467656, -0.044936508, 0.029201036, 0.025661517, 0.025392205, -0.027642878, 0.009776961, -0.047937404, -0.023006877, -0.0075791883, -0.009036355, -0.04901465, 0.06913605, -0.021294827, -0.02216047, 0.004554246, -0.00434024, 0.0052900426, 0.020948568, -0.044474833, 0.0010898691, -0.013080833, -0.024449617, -0.03006668, 0.023949467, 0.012513355, 0.009565359, -0.020294528, 0.057786502, 0.030797668, -0.051323034, 0.061364494, -0.028316157, -0.07144443, 0.023949467, 0.03708801, 0.021256354, -0.0067904913, -0.051169142, -0.03162484, -0.031009268, 0.01497563, -0.017562943, 0.0014138841, 0.00978177, -0.003974746, -0.005900802, 0.07332961, -0.024122596, -0.05178471, 0.020640785, 0.001323713, -0.050130367, 0.017707216, -0.0436669, -0.032452006, -0.023968702, -0.011715041, -0.0495148, -0.006708736, -0.008964218, 0.0071319393, 0.033798564, 0.0024935338, -0.032452006, 0.04282049, -0.016610734, 0.007300259, 0.010522376, -0.048822284, 0.0011860516, 0.013340526, 0.027989136, 0.0051698145, 0.0035082602, -0.032086514, -0.00894979, 0.0065019433, 0.028585467, -0.039165553, 0.020140635, 0.014610136, -0.02741204, 0.017591797, -0.04332064, 0.0021568947, 0.009536505, -0.030586066, 0.0028614323, 0.012484501, -0.06367288, -0.012667248, 0.042089503, -0.041627828, 0.048168242, -0.023333898, -0.019409647, 0.065365694, 0.06217243, 0.03387551, -0.01044543, -0.0059392755, -0.06655835, 0.04370537, 0.015225705, 0.013148161, 0.027950663, 0.012494119, -0.015052577, -0.03210575, -0.016755007]"
Chương trình đào tạo cử nhân hệ chính quy ngành Ngôn ngữ Anh,"""Giảng viên""","""- Hơn 60 giảng viên cơ hữu, và gần 30 giảng viên thỉnh giảng và chuyên gia nước ngoài.
- Đa số giảng viên có bằng thạc sĩ và tiến sĩ, được đào tạo ở các quốc gia nói tiếng Anh như Vương quốc Anh, Australia, Hoa Kỳ, New Zealand, v.v.""",https://hanu.edu.vn/c/6914/Ngon-ngu-Anh,,"Title: Chương trình đào tạo cử nhân hệ chính quy ngành Ngôn ngữ Anh
Summary: ""Giảng viên""
Content: ""- Hơn 60 giảng viên cơ hữu, và gần 30 giảng viên thỉnh giảng và chuyên gia nước ngoài.
- Đa số giảng viên có bằng thạc sĩ và tiến sĩ, được đào tạo ở các quốc gia nói tiếng Anh như Vương quốc Anh, Australia, Hoa Kỳ, New Zealand, v.v.""
URL: https://hanu.edu.vn/c/6914/Ngon-ngu-Anh","[-0.032074284, 0.03989917, 0.03633536, -0.027677627, 0.05210134, -0.019407265, 0.001371534, 0.058376744, -0.025043508, -0.022312544, -0.024501188, 0.014071236, -0.06829343, 0.023067918, 0.012182805, 0.01158238, -0.046639416, -0.01776094, 0.025237193, 0.0027043307, 0.061785605, 0.017944941, 0.012599228, 0.0208018, 0.020027058, 0.0033846505, 0.031764388, -0.024888558, -0.035599355, -0.013567654, -0.002779384, -0.028742896, 0.023862027, 0.000815294, 0.0353863, 0.035986725, 0.023339076, 0.0020651694, -0.038272213, -0.06287024, 0.0011669538, -0.03722631, -0.009006366, -0.030118061, -0.0006488457, 0.0201239, 0.0034185452, 0.022002649, 0.013393338, 0.029517638, -0.03724568, -0.006851617, 0.016153352, 0.037478104, -0.03528946, 0.013054389, -0.016153352, -0.011533959, -0.0127057545, -0.05279861, 0.028762264, -0.03869832, 0.024559295, 0.08041813, 0.023067918, -0.01830326, -0.0072389874, -0.038504634, 0.00013270468, -0.045477305, 0.015514191, 0.013548286, -0.013373969, 0.008914365, -0.039163165, 0.048150163, -0.050823018, 0.02581825, -0.060429808, -0.015485139, 0.027929418, -0.013838814, 0.01369355, -0.060468547, -0.008178361, -0.011950382, -0.04261076, 0.0045273937, -0.03013743, -0.020724326, 0.004803395, 0.045206144, -0.016366407, 0.021169802, 0.044547614, 0.0003247255, -0.0044571827, -0.03155133, 0.02277739, 0.013635444, 0.0008086361, -0.0054812934, -0.0004905685, 0.027348362, 0.027735732, -0.08227751, 0.014710397, -0.019048948, -0.051520284, 0.006125297, -0.08483416, 0.022951705, 0.02144096, -0.0547742, -0.012463648, -0.016395459, 0.051559024, -0.017944941, 0.0015736929, -0.0013097967, -0.0052924505, -0.050474387, -0.0005589636, -0.053999458, -0.008347835, 0.071547344, -0.0071421447, 0.0773579, 0.016531039, -0.00033350184, 0.054076932, -0.018903684, -0.05202387, -0.011311221, -0.0069775125, -0.013838814, -0.020685589, 0.024249397, -0.02711594, -0.022448124, 0.07697053, -0.010168478, -0.0018024837, 0.03000185, 0.014342396, 0.0060962443, -0.052178815, 0.054154407, -0.010439637, 0.035211984, -0.043346766, 0.012299015, -0.039298743, -0.0034960194, -0.015698193, 0.00420055, -0.0963778, 0.03974422, -0.0029561217, -0.01119501, 0.0016826409, 0.0011397168, -0.026922254, 0.014952504, -0.04381161, -0.009388894, -0.025217824, -0.040828858, -0.056866, -0.025217824, -0.018022416, 0.0064932993, 0.013403022, 0.07030776, 0.019668741, -0.056246206, 0.047491632, -0.0061446656, -0.056517366, 0.022564335, 0.04249455, 0.02579888, -0.036645256, -0.050551858, -0.025062876, -0.020027058, 0.0006421878, -0.031570703, 0.0028108577, -0.0039027585, 0.00878847, -0.013984078, 0.036315992, -0.04237834, -0.0035807567, -0.02895595, 0.020162638, -0.032752182, 0.027232151, -0.012579859, 0.0073067774, 0.013412706, -0.014371448, -0.06356751, 0.019242633, 0.0032151758, 0.008783627, 0.029537005, 0.008541521, -0.029943746, 0.055084094, 0.019378213, 0.003077175, -0.006774143, -0.047607843, 0.02120854, -0.0034209664, 0.01809989, 0.045632254, 0.021363487, 0.0098440545, -0.01065269, -0.008802996, 0.016114615, -0.021537803, 0.013151231, 0.0025009613, -0.009461526, -0.0041714967, -0.058531694, 0.0065029836, 0.0016209037, -0.035967357, -0.0326166, 0.01705399, -0.06469089, 0.020336956, 0.054115668, -0.055587675, 0.034592193, -0.033081446, -0.031086488, 0.07445262, 0.032481022, -0.008066992, 0.012889756, -0.009122577, -0.06287024, 0.042688236, 0.04001538, 0.0071421447, 0.014051868, 0.059035275, -0.022564335, -0.031764388, 0.013093125]"
Chương trình đào tạo cử nhân hệ chính quy ngành Ngôn ngữ Anh,"""Sinh viên""","""- Hơn 1500 sinh viên chính quy.
- Nhiều sinh viên được giải thưởng nghiên cứu khoa học cấp Bộ, cấp Trường.
- Sinh viên tích cực tham gia nhiều dự án, cuộc thi tiếng Anh: ECHOES - Cuộc thi hùng biện tiếng Anh, The Reading Voice - Cuộc thi tìm kiếm giọng đọc tiếng Anh hay, EPP - Dự án tiếng Anh hướng nghiệp cho sinh viên, WE READ - Dự án Đọc mở rộng, Cuộc thi Dịch giỏi, Cuộc thi Nói giỏi, v.v.
- Sinh viên năng động, tự tổ chức các sự kiện truyền thống của Khoa: WE ARE FAMILY - Chào đón tân sinh viên, ENGLISH CULTURE MONTH - Tháng văn hóa các nước nói Tiếng Anh, CONGRADULATIONS - Prom chia tay sinh viên năm cuối. v.v.
- Sinh viên phát triển sở thích cá nhân với các CLB tiếng Anh (Voice of Hanu), CLB Âm nhạc (HANU Music Club), CLB Ghita (Hanu Guitar Club), CLB Nhiếp ảnh (Hanu Photography Club), tạp chí HanuTimes, CLB truyền thông của Khoa, v.v..
- Sinh viên nhiệt tình với các hoạt động tình nguyện: Chiến dịch mùa hè xanh, các hội nghị quan trọng như APEC, IPU, Asian Indoor Games, SEAGames, v.v.""",https://hanu.edu.vn/c/6914/Ngon-ngu-Anh,,"Title: Chương trình đào tạo cử nhân hệ chính quy ngành Ngôn ngữ Anh
Summary: ""Sinh viên""
Content: ""- Hơn 1500 sinh viên chính quy.
- Nhiều sinh viên được giải thưởng nghiên cứu khoa học cấp Bộ, cấp Trường.
- Sinh viên tích cực tham gia nhiều dự án, cuộc thi tiếng Anh: ECHOES - Cuộc thi hùng biện tiếng Anh, The Reading Voice - Cuộc thi tìm kiếm giọng đọc tiếng Anh hay, EPP - Dự án tiếng Anh hướng nghiệp cho sinh viên, WE READ - Dự án Đọc mở rộng, Cuộc thi Dịch giỏi, Cuộc thi Nói giỏi, v.v.
- Sinh viên năng động, tự tổ chức các sự kiện truyền thống của Khoa: WE ARE FAMILY - Chào đón tân sinh viên, ENGLISH CULTURE MONTH - Tháng văn hóa các nước nói Tiếng Anh, CONGRADULATIONS - Prom chia tay sinh viên năm cuối. v.v.
- Sinh viên phát triển sở thích cá nhân với các CLB tiếng Anh (Voice of Hanu), CLB Âm nhạc (HANU Music Club), CLB Ghita (Hanu Guitar Club), CLB Nhiếp ảnh (Hanu Photography Club), tạp chí HanuTimes, CLB truyền thông của Khoa, v.v..
- Sinh viên nhiệt tình với các hoạt động tình nguyện: Chiến dịch mùa hè xanh, các hội nghị quan trọng như APEC, IPU, Asian Indoor Games, SEAGames, v.v.""
URL: https://hanu.edu.vn/c/6914/Ngon-ngu-Anh","[-0.0018712631, 0.015723191, 0.009774838, 0.0019323241, 0.056786668, -0.0024678793, -0.007362931, 0.037165754, -0.04384175, -0.058374252, -0.035781708, 0.012486961, -0.07311029, 0.028474748, 0.02764025, 0.012995802, -0.07506424, 0.0028622313, -0.0017478692, 0.017117415, 0.06305559, 0.024424374, 0.010899377, 0.04003562, 0.032972906, 0.004253912, 0.020129755, -0.022124412, 0.0014476529, -0.01976339, 0.009408472, -0.0326676, 0.048523087, 0.025177458, 0.002984353, 0.06875461, 0.016323622, -0.030286223, -0.031527795, -0.05483272, 0.014247552, -0.020099225, -0.0143594965, -0.053407963, -0.016822288, 0.020903192, -0.034825087, 0.014461264, 0.02183946, 0.06431752, -0.03608701, -0.0048187254, 0.029248187, 0.03834627, -0.0019959293, -0.013016156, 0.018460756, -0.0029996184, -0.025604885, -0.06187508, 0.024648264, -0.030754358, -0.0085994145, 0.061671544, -0.004938303, -0.014949752, 0.007123776, -0.01002417, 0.0056277825, -0.0018967052, 0.049459357, 0.0015417886, -0.016934233, 0.0022694315, -0.028495103, 0.022226179, -0.060328204, 0.030917186, -0.03606666, -0.039445363, 0.030693296, 0.008304287, 0.005780435, -0.021696985, 0.012568375, -0.015010813, -0.06614935, 0.025665946, -0.051616844, -0.0069100624, -0.002648518, 0.06126447, -0.0069914768, 0.034845438, 0.06350337, 0.018175805, -0.01441038, -0.06154942, 0.01505152, 0.026093373, 0.017198829, -0.0497036, 0.0010812874, 0.007164483, 0.029797737, -0.051413305, 0.0059076454, -0.024607556, -0.02981809, 0.0124259, -0.11805114, 0.0248518, 0.025034983, -0.02312174, 0.007281516, -0.013392698, 0.026765043, -0.017758556, 0.011723699, 0.024607556, 0.0036814655, 0.0038544715, 0.012904211, -0.036779035, -0.008375525, 0.044818725, 0.02283679, 0.033888817, -0.034194123, -0.021595217, 0.06268922, -0.019447908, -0.050721284, -0.019814273, 0.020475766, -0.013443583, -0.023854472, 0.014756393, -0.028393334, -0.014746215, 0.090777256, 0.0047195014, 0.007851418, 0.018491287, 0.018918714, 0.019000128, -0.032932196, 0.03981173, 0.0004197939, 0.0141152525, -0.011194505, 0.026317263, -0.041806385, -0.0037069076, -0.013820125, 0.020699656, -0.049622186, 0.03814273, -0.033766698, -0.02674469, 0.050192088, -0.0028774964, -0.02273502, -0.0065131662, -0.051331893, -0.027884493, -0.026765043, -0.019783743, -0.053326547, -0.029533138, -0.014125429, -0.012904211, 0.01969215, 0.061508715, 0.03785778, -0.061223764, 0.02456685, 0.0028978502, -0.06154942, 0.015438239, 0.023935886, 0.025401348, -0.042009924, -0.032301232, -0.02334563, -0.010227706, 0.018491287, -0.004767841, -0.0013280753, 0.009362676, 0.02446508, 0.010634779, 0.046650555, -0.031120723, -0.021045668, -0.040809058, 0.02418013, -0.003600051, -0.0055209263, -0.027986262, -0.0125581985, 0.0064775473, 0.01066531, -0.06989442, 0.008400966, -0.031873807, -0.016384684, 0.06525379, 0.01156087, -0.030225161, 0.03948607, 0.042457704, 0.02753848, 0.0018509096, -0.05165755, 0.03592418, -0.017117415, 0.029105712, -0.007006742, -0.012375016, -0.004159776, 0.018674469, 0.039852437, 0.020089047, -0.022755375, 0.049215112, -0.009688335, -0.012639613, 0.0065538734, -0.062119324, -0.013636942, 0.010817962, -0.033807404, -0.0016575499, -0.01197812, -0.07168554, 0.008823305, 0.05874062, -0.012263071, 0.014522325, -0.028576517, -0.0026790486, 0.053123012, 0.082554385, 0.046080653, 0.0309986, -0.007775092, -0.037328586, 0.050069965, 0.020903192, 0.029065004, 0.048156723, 0.031629562, -0.017219184, -0.050680574, 0.01332146]"
Chương trình đào tạo cử nhân hệ chính quy ngành Ngôn ngữ Anh,"""Chương trình học tại nước ngoài""","""- Học bổng Erasmus + của châu Âu: 1 học kỳ tại một ĐH của Italia hoặc của một nước trong khu vực cộng đồng chung Châu Âu.
- Chương trình trao đổi tự túc (1 học kỳ, hoặc 1 năm học), có hỗ trợ học phí, với các trường ĐH tại Italia.""",https://hanu.edu.vn/c/6914/Ngon-ngu-Anh,,"Title: Chương trình đào tạo cử nhân hệ chính quy ngành Ngôn ngữ Anh
Summary: ""Chương trình học tại nước ngoài""
Content: ""- Học bổng Erasmus + của châu Âu: 1 học kỳ tại một ĐH của Italia hoặc của một nước trong khu vực cộng đồng chung Châu Âu.
- Chương trình trao đổi tự túc (1 học kỳ, hoặc 1 năm học), có hỗ trợ học phí, với các trường ĐH tại Italia.""
URL: https://hanu.edu.vn/c/6914/Ngon-ngu-Anh","[-0.02930887, 0.015101101, 0.020394564, -0.014388337, 0.03858431, -0.0032074396, 0.005236442, 0.062723264, 0.0067284955, -0.038622323, -0.027218094, 0.047821738, -0.058655754, 0.02370179, 0.01784762, 0.03660758, -0.045008693, -0.0029437167, 0.0023271756, 0.023530727, 0.03426971, 0.03548616, 0.010539409, 0.026495827, 0.047251526, -0.056412924, 0.044590537, -0.00843913, -0.024899235, -0.017914144, 0.0028866956, -0.031513687, 0.025887601, 0.0038845658, 0.010510898, 0.066448644, 0.015243653, 0.0204896, -0.014036706, -0.037158784, -0.0067047365, -0.035847295, 0.009175654, 0.012088483, -0.02949894, 0.022542361, -0.019862367, 0.025032284, 0.04147338, 0.035277084, -0.0074887774, -0.02248534, 0.005873178, 0.0021715553, -0.032235958, -0.024500087, 0.026761925, -0.023017537, -0.0027536463, -0.06055646, 0.0061487807, -0.012829758, 0.035068005, 0.046605285, -0.0060917595, -0.011024089, -0.027275115, -0.020755699, -0.009056859, -0.07401345, 0.015452731, 0.011404229, -0.0020670167, -0.019501233, -0.006258071, 0.0439443, -0.03406063, 0.03516304, -0.023112573, -0.004198182, -0.0055025406, 0.008686221, 0.015101101, -0.031931844, 0.0036137153, -0.015386206, -0.044210397, 0.010567919, -0.02699001, -0.043107986, 0.027750293, -0.008111258, -0.031931844, 0.023625763, 0.0752299, 0.031608723, -0.022276262, -0.038242184, 0.019805346, 0.01836081, 0.012611178, -0.03497297, 0.009636574, -0.013456991, 0.017030315, -0.06652467, 0.03645552, -0.0026847457, 0.00019972252, 0.0058066538, -0.107275784, 0.037462894, 0.018275278, -0.035106022, -0.04322203, -0.027541215, 0.010957564, -0.008581683, 0.010834018, 0.000800078, -0.021306902, -0.0068662968, -0.0031432908, -0.036341477, 0.0053599877, 0.049646415, 0.002798788, 0.08058989, 0.010453877, -0.011385223, 0.05166116, 0.013656565, -0.03807112, -0.002478044, -0.015262661, -0.0042338204, -0.0023746933, -0.010434871, -0.00083274633, -0.008382109, 0.05071081, 0.009551043, -0.014796988, 0.04785975, 0.0033903825, -0.008424874, -0.018151732, 0.04295593, 0.0034735382, 0.026419798, -0.03968672, 0.012021959, -0.011765364, 0.011964938, -0.017343933, -0.027199088, -0.07561004, 0.030354258, -0.021135839, -0.03098149, 0.00652417, 0.011423237, -0.031190569, 0.027180081, -0.06462397, -0.0145689035, -0.016003937, -0.03987679, -0.06918566, -0.01272522, -0.043906283, -0.02583058, 0.008857285, 0.08325088, 0.0035020488, -0.06933772, 0.0550064, -0.024690157, -0.05766739, 0.065992475, 0.04747961, 0.03434574, -0.01588039, -0.0011309194, -0.028681638, -0.024519093, 0.01777159, -0.021078818, -0.013837132, 0.018322796, 0.011651321, 0.0027750293, 0.043678198, -0.026685897, -0.051927257, -0.017381947, 0.0069518285, -0.021687044, 0.021173853, -0.027351145, -0.009703099, 0.005160414, -0.019463219, -0.060708515, 0.037862044, -0.0007674096, -0.007265445, 0.027142067, 0.01601344, -0.04728954, 0.02944192, 0.013989189, 0.0058114054, -0.0036327224, -0.041701466, 0.009085369, 0.02138293, 0.03176078, 0.059796177, -0.00579715, 0.00392258, -0.020394564, 0.0038608068, -0.003098149, -0.029727025, 0.021344917, -0.017505493, -0.013361956, 0.011689335, -0.051471088, 0.009541539, 0.02906178, -0.02602065, -0.049304288, 0.02073669, -0.04747961, 0.015452731, 0.009750617, -0.041663453, 0.023815833, -0.013656565, -0.019634282, 0.062077023, 0.0078071454, 0.010510898, 0.011736853, -0.0043906285, -0.04736557, 0.02653384, 0.021477966, -0.0145689035, 0.040370975, 0.046643298, -0.020413572, -0.013818125, -0.009874162]"
Chương trình đào tạo cử nhân hệ chính quy ngành Ngôn ngữ Anh,"""Hoạt động hướng nghiệp và việc làm""","""- Nhiều hoạt động hướng nghiệp phong phú: tuần lễ hướng nghiệp, hội chợ việc làm, lớp tập huấn kỹ năng mềm, kỹ năng tìm kiếm việc làm; thực tập tại các cơ quan, tổ chức, doanh nghiệp.
- Vị trí việc làm: biên dịch, phiên dịch, giáo viên tiếng Anh, cán bộ hợp tác quốc tế, hướng dẫn viên du lịch, trợ lý dự án, phóng viên, biên tập viên báo chí, truyền hình, đài phát thanh. dạy ngoại ngữ, hợp tác quốc tế, du lịch, truyền thông, v.v.
- Nơi công tác: các Đại sứ quán và văn phòng đại diện nước ngoài; các doanh nghiệp cần sử dụng tiếng Anh; các cơ quan, tổ chức trong nước có bộ phận đối ngoại; các trường phổ thông và trường cao đẳng, đại học; báo chí, đài phát thanh, đài truyền hình; các công ty dịch vụ du lịch và lữ hành, v.v.""",https://hanu.edu.vn/c/6914/Ngon-ngu-Anh,,"Title: Chương trình đào tạo cử nhân hệ chính quy ngành Ngôn ngữ Anh
Summary: ""Hoạt động hướng nghiệp và việc làm""
Content: ""- Nhiều hoạt động hướng nghiệp phong phú: tuần lễ hướng nghiệp, hội chợ việc làm, lớp tập huấn kỹ năng mềm, kỹ năng tìm kiếm việc làm; thực tập tại các cơ quan, tổ chức, doanh nghiệp.
- Vị trí việc làm: biên dịch, phiên dịch, giáo viên tiếng Anh, cán bộ hợp tác quốc tế, hướng dẫn viên du lịch, trợ lý dự án, phóng viên, biên tập viên báo chí, truyền hình, đài phát thanh. dạy ngoại ngữ, hợp tác quốc tế, du lịch, truyền thông, v.v.
- Nơi công tác: các Đại sứ quán và văn phòng đại diện nước ngoài; các doanh nghiệp cần sử dụng tiếng Anh; các cơ quan, tổ chức trong nước có bộ phận đối ngoại; các trường phổ thông và trường cao đẳng, đại học; báo chí, đài phát thanh, đài truyền hình; các công ty dịch vụ du lịch và lữ hành, v.v.""
URL: https://hanu.edu.vn/c/6914/Ngon-ngu-Anh","[-0.029409263, 0.020357395, 0.018159615, -0.038014125, 0.059675287, -0.0067982147, 0.0125627285, 0.045594603, -0.027714366, -0.024473572, -0.014266938, 0.04630236, -0.057775512, 0.00043885736, 0.006439679, 0.0021558723, -0.0528957, -0.023635438, 0.031327665, 0.0084791435, 0.05151743, 0.02773299, -0.013326364, 0.025162708, 0.02343056, -0.027136983, 0.011845657, -0.004665624, -0.031253163, -0.011165835, 0.02194054, -0.033748947, 0.032575555, 0.0050334726, 0.07349522, 0.044477087, 0.023728563, -0.020078015, -0.010653641, -0.057626512, 0.017368041, -0.034251828, -0.008739897, -0.07047793, -0.014229688, 0.042093057, -0.042614564, 0.031830546, 0.030657155, 0.03693386, -0.0056946687, -0.013968934, 0.029129885, 0.044141833, -0.0360771, -0.009196215, 0.014518379, -0.07394223, 0.0042232745, -0.043545824, 0.010290449, -0.03028465, 0.015719708, 0.07725752, -0.027416361, -0.024082443, -0.0074221604, -0.029055383, -0.03330194, -0.030489527, 0.044253584, 0.011240336, -0.008148545, 0.0035620783, -0.035872225, 0.0227228, -0.042726316, 0.04391833, -0.04980391, -0.017274916, -0.018308617, 0.0028776005, -0.023281557, -0.019407507, -0.013782682, -0.016408842, -0.03682211, 0.01668822, -0.051629182, -0.044253584, 0.013074922, 0.04242831, 0.008898212, 0.017191103, 0.055056226, 0.011333462, -0.020823024, -0.03866601, 0.0011541832, 0.01693966, -0.0053547584, -0.00010869577, 0.0070496555, 0.016539218, 0.03643098, -0.055503234, 0.008199764, -0.025628338, -0.034251828, 0.0095640635, -0.090667695, 0.028943632, 0.021493534, -0.035983976, -0.021474909, 0.010057633, 0.03667311, -0.007701539, 0.03220305, -0.006895997, 0.006742339, -0.016902411, -0.0079436675, -0.041348048, -0.021735663, 0.06652938, 0.012721043, 0.06254358, 0.02460395, 0.006220832, 0.0455201, -0.0027844743, -0.024380447, -0.019835887, -0.006439679, -0.02797512, -0.011780468, 0.0035387967, -0.025926342, -0.008334798, 0.08180208, 0.025833216, -0.00421629, 0.04548285, -0.014862946, 0.005410634, -0.024901954, 0.03220305, -0.015496205, 0.03412145, -0.018587995, 0.011482464, -0.029167134, 0.0035946725, -0.0061975503, -0.008851648, -0.062469076, 0.02527446, -0.013121486, -0.0027006606, 0.018196866, -0.004186024, -0.042540062, 0.0208789, -0.041497048, -0.027919244, -0.0146301305, -0.024454948, -0.032109924, -0.004996222, -0.013112173, -0.020096641, -0.009503531, 0.043694828, 0.005080036, -0.047531627, 0.049692158, -0.010662953, -0.057030503, 0.039336517, 0.0050893486, 0.006518836, -0.018438993, -0.045222096, -0.01735873, -0.029427888, -0.0025213927, 0.011948096, -0.01057914, 0.034289077, -0.0050427853, -0.005890234, 0.03767887, -0.048537392, -0.04555735, -0.01729354, 0.021121029, -0.031253163, 0.011519714, -0.045818105, 0.04466334, -0.019184003, -0.027341861, -0.055167977, -0.0066864635, 0.017815048, -0.007673601, 0.03866601, 0.03581635, -0.062580824, 0.035797723, 0.0030708374, 0.024138318, -0.0016308731, -0.048127636, 0.0066771507, 0.008413955, 0.03721324, 0.0068540904, -0.012013284, 0.0010406856, 0.01846693, 0.014788445, 0.018513495, -0.03266868, 0.041348048, 0.015486892, -0.051591933, 0.0012839779, -0.06544911, 0.0029404608, 0.0016087556, -0.025218584, -0.05069792, 0.023691313, -0.064592354, 0.01196672, 0.040342283, -0.03657998, 0.03702699, -0.040677536, -0.026466474, 0.037194617, -0.010178697, 0.017386667, -0.0051265988, 0.009917944, -0.055875737, 0.048947144, 0.025218584, 0.041050043, 0.015440329, 0.04451434, -0.024492199, -0.04220481, 0.013056298]"
Chương trình đào tạo cử nhân hệ chính quy ngành Ngôn ngữ Anh,"""Nội dung chương trình đào tạo - Giới thiệu chung""","""Thời gian đào tạo: 04 năm; Ngôn ngữ giảng dạy: Tiếng Anh; Định hướng Biên-Phiên dịch: 154 tín chỉ; Định hướng Phương pháp giảng dạy tiếng Anh: 154 tín chỉ""",https://hanu.edu.vn/c/6914/Ngon-ngu-Anh,,"Title: Chương trình đào tạo cử nhân hệ chính quy ngành Ngôn ngữ Anh
Summary: ""Nội dung chương trình đào tạo - Giới thiệu chung""
Content: ""Thời gian đào tạo: 04 năm; Ngôn ngữ giảng dạy: Tiếng Anh; Định hướng Biên-Phiên dịch: 154 tín chỉ; Định hướng Phương pháp giảng dạy tiếng Anh: 154 tín chỉ""
URL: https://hanu.edu.vn/c/6914/Ngon-ngu-Anh","[-0.024389671, 0.029926682, 0.020883536, -0.024351353, 0.041728754, -0.031076234, -0.0106142005, 0.04226521, -0.014235291, -0.019025093, -0.00028319703, 0.019427435, -0.06640581, 0.006451863, 0.0328772, -0.017664788, -0.0526495, -0.031995878, 0.044525996, 0.013650935, 0.019657347, 0.0095125465, 0.01714749, 0.03190008, 0.027627576, -0.015068716, 0.0478597, -0.0133443875, -0.02659298, -0.015633913, -0.005417266, -0.033202905, 0.00870786, 0.007347556, 0.061960876, 0.025999045, 0.036574926, -0.006183634, -0.025500905, -0.05031208, 0.0059058256, -0.028604696, -0.017683947, -0.029888364, 0.006571608, 0.030367343, -0.008382153, 0.046250325, 0.024332194, 0.011754174, -0.011888288, 0.04034929, 0.0010214252, 0.047438197, -0.034678165, 0.013028261, -0.0014896283, 0.0065380796, -0.0025529643, -0.05697948, 0.05291773, -0.049890574, 0.020941013, 0.058818765, -0.0021602006, -0.020155486, -0.033030473, -0.026976164, -0.010604621, -0.06935633, 0.013832947, 0.0046508973, 0.0038845292, -0.0049670245, -0.029428542, 0.032283265, -0.037877753, 0.017243287, -0.03258981, 0.0010627373, 0.0013327623, 0.020308759, 0.011878708, -0.01522199, -0.022052247, -0.022435432, -0.041728754, 0.041268934, -0.00990531, -0.027972443, -0.019925576, 0.023010207, -0.020308759, -0.0029553077, 0.062497333, -0.0405792, -0.007951071, -0.034237504, 0.01377547, -0.015509378, -0.0025673339, -0.010183118, -0.0035420584, 0.018431157, 0.038778234, -0.055255152, 0.035636127, -0.030041637, -0.06625254, 0.009991527, -0.059316907, 0.03791607, 0.028355626, -0.03308795, -0.001305221, -0.029639294, 0.029639294, 0.016486498, -0.0009992725, -0.004694006, -0.020615308, -0.04636528, 0.017137911, -0.057400987, 0.0032474857, 0.061309464, 0.0048209354, 0.049430754, 0.0246579, 0.015011239, 0.06257397, -0.023604143, -0.051040128, -0.016352383, -0.02368078, -0.033988435, -0.0050628204, 0.012146938, -0.026957005, -0.024964446, 0.053224277, -0.0006298589, -0.032934677, 0.023757417, 0.0169559, 0.01569139, -0.01931248, 0.0352721, -0.010939907, 0.013967062, -0.034045912, -0.0019099335, -0.00020356658, -0.018182088, 0.002895435, 0.0056663356, -0.0778247, 0.04862607, -0.031516895, -0.025405109, 0.01402454, -0.019983053, -0.02634391, 0.029965, -0.036134265, 0.020078849, 0.0015075901, -0.021956451, -0.047016695, 0.007079327, 0.007419403, 0.0034414725, 0.02249291, 0.055216834, 0.028585536, -0.037896913, 0.04517741, -0.03554033, -0.05195977, 0.014474781, 0.032225788, 0.0028834606, -0.030769687, -0.02753178, -0.056672934, -0.054795332, -0.0010986608, -0.010978226, 0.041996982, 0.009579604, -0.0060543097, -0.018555691, 0.03791607, -0.031018756, -0.044066176, 0.0027349768, 0.018910138, -0.050618626, 0.019149628, -0.039353013, 0.026861208, 0.017051695, -0.036862314, -0.036191743, 0.019025093, -0.0038342364, -0.0036378545, -0.0017051694, -0.008310306, -0.039027303, 0.05414392, -0.00062566786, 0.02632475, -0.0076541035, -0.067632005, 0.011006964, 0.010939907, -0.001257323, 0.04778306, 6.660818e-05, 0.01304742, -0.0122427335, -0.018967615, 0.013267751, -0.016361963, 0.025462586, -0.0018045579, 0.0010729156, 0.0049430756, -0.053262595, 0.018776024, 0.0005592094, -0.02680373, 0.010345972, -0.009847833, -0.054718696, 0.0034606317, 0.034659006, -0.04805129, 0.030635573, -0.059891682, -0.01858443, 0.063991755, 0.026650457, -0.01329649, -0.010508825, -0.0040737265, -0.060236547, 0.02923695, 0.022243839, -0.0017063669, 0.018479055, 0.027646735, -0.01570097, -0.030616414, 0.0029672822]"
Chương trình đào tạo cử nhân hệ chính quy ngành Ngôn ngữ Anh,"""Nội dung chương trình đào tạo - Khối kiến thức chung""","""Khối kiến thức chung: 43 tín chỉ (TC)
Cung cấp kiến thức chung mà sinh viên các chương trình đại học cần biết: Triết học Mác - Lê-nin (03 TC), Kinh tế chính trị Mác - Lê-nin (02 TC), Chủ nghĩa xã hội khoa học (02 TC), Tư tưởng Hồ Chí Minh (02 TC), Lịch sử Đảng CSVN (02 TC), Pháp luật đại cương (02 TC), ứng dụng CNTT (03 TC), Ngoại ngữ 2 (14 TC), Phương pháp học tập tiếng Anh (02 TC), Giáo dục Thể chất (03 TC), Giáo dục Quốc phòng (08 TC).""",https://hanu.edu.vn/c/6914/Ngon-ngu-Anh,,"Title: Chương trình đào tạo cử nhân hệ chính quy ngành Ngôn ngữ Anh
Summary: ""Nội dung chương trình đào tạo - Khối kiến thức chung""
Content: ""Khối kiến thức chung: 43 tín chỉ (TC)
Cung cấp kiến thức chung mà sinh viên các chương trình đại học cần biết: Triết học Mác - Lê-nin (03 TC), Kinh tế chính trị Mác - Lê-nin (02 TC), Chủ nghĩa xã hội khoa học (02 TC), Tư tưởng Hồ Chí Minh (02 TC), Lịch sử Đảng CSVN (02 TC), Pháp luật đại cương (02 TC), ứng dụng CNTT (03 TC), Ngoại ngữ 2 (14 TC), Phương pháp học tập tiếng Anh (02 TC), Giáo dục Thể chất (03 TC), Giáo dục Quốc phòng (08 TC).""
URL: https://hanu.edu.vn/c/6914/Ngon-ngu-Anh","[-0.005258876, 0.04002892, 0.008986185, -0.05313398, 0.07529957, -0.020916548, -0.00939262, 0.05904216, -0.039196223, -0.0019268502, -0.017040543, 0.035131868, -0.07557713, 0.02977882, 0.009898186, -0.006815226, -0.027082467, -0.017417239, 0.039374657, 0.03098821, 0.03289152, 0.018279674, 0.007960184, 0.017575847, 0.01712976, -0.03078995, 0.034081087, -0.020678634, -0.040960744, -0.030036557, 0.011677579, -0.02910473, -0.0030854386, 0.0019590675, 0.026289424, 0.038066134, 0.0047186143, 0.00845088, -0.033962127, -0.037292916, 0.006498008, -0.035548218, -0.010061751, -0.018289587, -0.007400096, -0.0044930927, -0.012252537, 0.013481756, -0.00678053, 0.015454453, -0.012321928, 0.0035116998, -0.0014361539, 0.023692202, -0.023474116, 0.0249809, -0.011053056, 0.0016356541, 0.027141945, -0.05852668, 0.030591689, -0.041317616, 0.011707319, 0.056306157, -0.017139673, -0.014364017, 0.023989594, -0.015008366, -0.018180544, -0.051508237, 0.01343219, -0.0014225235, -0.004899528, 6.908161e-05, -0.02666612, 0.021273417, -0.07133435, 0.017902978, -0.060390335, 0.0073108785, 0.013114972, 0.012728363, 0.010557404, -0.015632888, -0.0069639217, -0.018309414, -0.06594165, 0.03723344, -0.05622685, -0.049882494, -0.04869293, 0.041872747, 0.004170918, 0.024286985, 0.04587762, -0.008302184, -0.017248716, -0.044489793, -0.008376532, -0.009070446, -0.00869375, -0.017139673, -0.0041387007, 0.025456727, 0.034636214, -0.036936045, 0.032296736, -0.022403505, -0.09127942, -0.0034794826, -0.05384772, 0.033050127, 0.03903761, -0.0109043615, -0.0003333265, -0.027657425, 0.009283576, 0.030036557, -0.022344027, 0.014185582, 0.0015191757, -0.039731525, 0.009799056, -0.039989267, -0.018378805, 0.06701226, -0.015206628, 0.059319723, 0.001980133, 0.008168357, 0.07525992, -0.021491505, -0.041357268, -0.015613062, -0.006463312, -0.03156317, 0.005526528, 0.02508003, -0.028232383, -0.03983066, 0.090407066, 0.009858534, -0.00394044, 0.031166647, -0.012242624, 0.009957665, -0.016663846, 0.046432752, 0.021075156, 0.026785076, -0.011092709, 0.012827494, -0.007231574, -9.240245e-06, -0.0137692345, -0.012569754, -0.06253155, 0.02686438, -0.014601931, -0.021610461, 0.012312015, 0.016624194, -0.027102293, 0.03630161, -0.033962127, 0.01608889, -0.0032812215, -0.02034159, -0.042388227, -0.030076211, -0.03088908, 0.009804012, 0.024366291, 0.043736402, 0.039592743, -0.050080758, 0.0473051, -0.024029247, -0.048811886, 0.021808723, 0.008882098, -0.0024733073, -0.011102622, -0.018279674, -0.035310306, -0.042348575, -0.00093306636, -0.014195495, 0.004986267, 0.01368993, 0.0086987065, 0.0007738379, 0.019925242, -0.03808596, -0.051191017, -0.015424714, 0.01485967, -0.026844554, 0.017655153, -0.06225399, 0.020282112, 0.023355158, -0.03675761, -0.055949286, 0.008158444, 0.0057148766, 0.0035240913, 0.029144384, -0.015523845, -0.061857466, 0.038165264, -0.002609612, 0.0039107003, 0.024227507, -0.06764669, 0.037610132, 0.001304806, 0.014869583, 0.0167035, -0.007177052, 0.015751846, 0.00078375096, -0.005070528, 0.023018114, -0.028886644, 0.005759485, 0.0037446567, -0.019062806, 0.015603149, -0.054918326, 0.014948888, 0.0138287125, -0.038105786, -0.0138981035, -0.000925012, -0.07430826, 0.015454453, 0.028866818, -0.0508738, 0.027419511, -0.041000396, -0.014254974, 0.04480701, 0.05051693, 0.01855724, -0.010428535, -0.007960184, -0.04817745, 0.026527336, 0.008515315, 0.02426716, 0.049842842, 0.040385786, -0.01800211, -0.051111713, 0.018388718]"
Chương trình đào tạo cử nhân hệ chính quy ngành Ngôn ngữ Anh,"""Nội dung chương trình đào tạo - Khối kiến thức cơ sở ngành""","""Khối kiến thức cơ sở ngành: 12 tín chỉ (TC)
1. Bắt buộc: 8 TC
-	Nhập môn Việt ngữ học: 2 TC	
-	Cơ sở văn hóa Việt Nam: 2 TC
-	Dẫn luận ngôn ngữ học: 2 TC	
-	Phương pháp nghiên cứu khoa học: 2 TC
2. Tự chọn: 4 TC - Chọn 4 trong số 10 tín chỉ của các học phần sau:
-	Tiếng Việt trong hành chức: 02 TC 
-	Hà Nội học (02 TC)
-	Văn bản tiếng Việt: 02 TC	
-	Dụng học Việt ngữ (02 TC)
-	Lịch sử văn minh thế giới (02 TC)""",https://hanu.edu.vn/c/6914/Ngon-ngu-Anh,,"Title: Chương trình đào tạo cử nhân hệ chính quy ngành Ngôn ngữ Anh
Summary: ""Nội dung chương trình đào tạo - Khối kiến thức cơ sở ngành""
Content: ""Khối kiến thức cơ sở ngành: 12 tín chỉ (TC)
1. Bắt buộc: 8 TC
-	Nhập môn Việt ngữ học: 2 TC	
-	Cơ sở văn hóa Việt Nam: 2 TC
-	Dẫn luận ngôn ngữ học: 2 TC	
-	Phương pháp nghiên cứu khoa học: 2 TC
2. Tự chọn: 4 TC - Chọn 4 trong số 10 tín chỉ của các học phần sau:
-	Tiếng Việt trong hành chức: 02 TC 
-	Hà Nội học (02 TC)
-	Văn bản tiếng Việt: 02 TC	
-	Dụng học Việt ngữ (02 TC)
-	Lịch sử văn minh thế giới (02 TC)""
URL: https://hanu.edu.vn/c/6914/Ngon-ngu-Anh","[0.00011488373, 0.053145144, 0.031514995, -0.04389924, 0.060361456, -0.023998002, -0.030894842, 0.04062935, -0.032980807, -0.008108957, -0.0070988606, 0.035536587, -0.058369454, 0.024129549, 0.008085466, 0.0011663085, -0.029222311, -0.0063471613, 0.034766093, 0.017373651, 0.016415235, 0.032980807, -0.0039840066, 0.017054178, 0.020840865, -0.027662534, 0.02754978, -0.015663534, -0.021385847, -0.03237945, -0.013662135, -0.03437145, 0.013521192, -0.002487655, 0.016029987, 0.046981208, 0.023565773, 0.0030890144, -0.034615755, -0.045590565, 0.01097481, -0.02762495, -0.003079618, -0.020746902, -0.0058538583, 0.033093564, -0.020333467, 1.89393e-05, -0.006342463, 0.0006853384, -0.024167133, 0.0135963615, -0.0008450745, 0.006098161, -0.03170292, 0.0012637945, -0.012102359, 0.014968213, 0.0071223513, -0.053859256, 0.011266094, -0.03209756, 0.006967313, 0.06318033, -0.006530388, -0.027437026, 0.0019720362, -0.017899841, -0.025087966, -0.043485805, 0.0069391243, 0.025369853, -0.00482497, 0.024712116, -0.01687565, 0.018247502, -0.0644958, -0.0074747102, -0.04247101, 0.008766693, -0.0025910137, 0.0041742804, 0.016838064, -0.0035987606, -0.027737705, -0.04792083, -0.04844702, 0.042320672, -0.053934425, -0.06464614, -0.025839664, 0.06396961, 0.012929228, 0.018689124, 0.06919392, -0.018698521, -0.01759916, -0.03632587, -0.012384246, -0.020972412, -0.00987545, -0.015710516, -0.009415034, 0.024994003, 0.046417434, -0.027230307, 0.021536186, -0.026215514, -0.062428627, 0.006427029, -0.03130828, 0.031909637, 0.034991603, -0.02164894, -0.013709117, -0.03390164, 0.026835665, 0.021235505, -0.003927629, -0.004768593, 0.0033380147, -0.051754497, 0.017458217, -0.035499, -0.010683526, 0.07780088, -0.025144342, 0.06227829, 0.014620552, 0.025670532, 0.058670133, -0.019130748, -0.025031587, -0.0069767092, 0.002684976, -0.029278688, -0.0063283686, 0.025877248, -0.022137545, -0.0064787087, 0.09493963, 0.0005126824, 0.0041108555, 0.046191923, 0.0008521217, 0.004970612, -0.02595242, 0.037904438, 0.024261096, 0.030970013, -0.01229968, 0.008635146, 0.009377449, 0.0026004098, 0.0013612804, -0.009236505, -0.063330665, 0.033713713, -0.03110156, -0.0029292784, 0.002762495, -0.018397842, -0.02067173, 0.03828029, -0.038430627, -0.0033145242, -0.00972511, 0.005571971, -0.044613354, -0.016095761, -0.006995502, -0.0015221911, 0.020126749, 0.040516593, 0.018980408, -0.048522193, 0.047883246, -0.008865354, -0.049762495, 0.042433426, 0.022870451, -0.009372751, -0.023396641, -0.0197509, -0.04247101, -0.04344822, 0.0130513795, -0.013060776, 0.010899641, 0.019262295, -0.020765694, -0.015005798, 0.030462615, -0.069043584, -0.056866053, -0.023866454, 0.019431427, -0.008231107, 0.011031187, -0.050514195, 0.025614154, 0.025933627, -0.018341463, -0.041418634, 0.0021270742, 0.031439826, -0.0055343863, 0.017693123, -0.0032581468, -0.06584886, 0.025463814, 0.011482207, 0.01692263, 0.009391543, -0.07133627, 0.017129349, 0.013944022, -5.465236e-05, 0.03792323, -0.01104998, 0.029071972, -0.009969412, -0.0063189724, 0.020371052, -0.032661337, -0.002915184, 0.015917234, -0.023415433, 0.012196322, -0.07178728, 0.0036363455, 0.021009997, -0.0130513795, -0.025144342, -0.020465015, -0.06359376, 0.0140473815, 0.04164414, -0.04964974, 0.013502399, -0.046342265, -0.024016794, 0.06938185, 0.034089565, -0.0034202319, -0.0091707315, -0.014348061, -0.03307477, 0.017166933, -0.004676979, 0.028207516, 0.031364653, 0.036908437, -0.010918433, -0.053145144, 0.0007675555]"
Chương trình đào tạo cử nhân hệ chính quy ngành Ngôn ngữ Anh,"""Nội dung chương trình đào tạo - Khối kiến thức ngành""","""Khối kiến thức ngành: 66 tín chỉ (TC)
1. Bắt buộc: 60 TC
-	Thực hành tiếng từ trình độ A2 đến C1: 40 TC
-	Ngữ âm - Âm vị học tiếng Anh: 3 TC
-	Từ vựng học tiếng Anh: 3 TC
-	Ngữ pháp học tiếng Anh: 6 TC
-	Ngôn ngữ học đối chiếu: 2 TC
-	Văn hóa các nước nói tiếng Anh: 3 TC
-	Văn học các nước nói tiếng Anh: 3 TC
2. Tự chọn: 06 TC - Chọn 6 trong số 10 tín chỉ của các học phần sau:
-	Phân tích diễn ngôn: 2TC
-	Ngôn ngữ học xã hội: 2TC
-	Nhập môn Ngôn ngữ học: 2TC
-	Chuyên đề giao tiếp liên văn hóa: 2TC
-	Chuyên đề văn học Mỹ: 2TC""",https://hanu.edu.vn/c/6914/Ngon-ngu-Anh,,"Title: Chương trình đào tạo cử nhân hệ chính quy ngành Ngôn ngữ Anh
Summary: ""Nội dung chương trình đào tạo - Khối kiến thức ngành""
Content: ""Khối kiến thức ngành: 66 tín chỉ (TC)
1. Bắt buộc: 60 TC
-	Thực hành tiếng từ trình độ A2 đến C1: 40 TC
-	Ngữ âm - Âm vị học tiếng Anh: 3 TC
-	Từ vựng học tiếng Anh: 3 TC
-	Ngữ pháp học tiếng Anh: 6 TC
-	Ngôn ngữ học đối chiếu: 2 TC
-	Văn hóa các nước nói tiếng Anh: 3 TC
-	Văn học các nước nói tiếng Anh: 3 TC
2. Tự chọn: 06 TC - Chọn 6 trong số 10 tín chỉ của các học phần sau:
-	Phân tích diễn ngôn: 2TC
-	Ngôn ngữ học xã hội: 2TC
-	Nhập môn Ngôn ngữ học: 2TC
-	Chuyên đề giao tiếp liên văn hóa: 2TC
-	Chuyên đề văn học Mỹ: 2TC""
URL: https://hanu.edu.vn/c/6914/Ngon-ngu-Anh","[0.002447296, 0.045819223, 0.029630544, -0.033331927, 0.0744952, -0.023162864, -0.01519515, 0.054429807, -0.030701995, 0.0029732818, -0.011474286, 0.02918248, -0.07959921, 0.029942239, 0.0012041669, -0.0029830222, -0.026455145, -0.0131983515, 0.01803937, 0.0030536407, 0.022870649, 0.032903343, -0.0076267966, 0.021331653, 0.0035309242, -0.03360466, 0.04866344, -0.01681207, -0.041650295, -0.033643622, -0.010782712, -0.034111165, 0.0070764595, -0.007149513, 0.018088073, 0.03742293, 0.020357605, 0.010402833, -0.025539542, -0.047923166, -0.000719578, -0.030234452, -0.0018019889, -0.040130783, -0.009131701, 0.03385791, -0.01964655, 0.012126898, -0.0014793355, -0.0050942716, -0.037520334, 0.022734283, -0.0044806213, 0.015506846, -0.01640297, 0.0206693, -0.0071982155, 0.0077680335, 0.01761079, -0.048312787, 0.016032832, -0.04496206, 0.024253797, 0.056962334, -0.009404434, -0.020903071, 0.0042809416, -0.01700688, -0.019782916, -0.04823486, 0.0018275577, 0.020065391, -0.024058988, 0.0150003405, -0.017669233, 0.024857707, -0.041650295, -0.02144854, -0.04757251, -0.0016534466, 0.0018628669, -0.0026469757, 0.0068962607, 0.00057103566, -0.0023328452, -0.039604794, -0.048507594, 0.047689393, -0.028461685, -0.038396977, -0.04476725, 0.05645583, 0.011649615, 0.019500442, 0.059261087, -0.025169402, -0.018691983, -0.031481232, 0.00057286205, -0.018302364, -0.0027468156, -0.010490498, -0.0010093573, 0.0340722, 0.046130918, -0.03603978, 0.023591444, -0.007987195, -0.060819563, -0.001478118, -0.03935154, 0.03909829, 0.020240718, -0.027818814, -0.004495232, -0.0340722, 0.02103944, 0.01843873, 0.00038109632, -0.0020272376, 0.0074612084, -0.06440406, 0.008328111, -0.042390574, -0.0054157074, 0.07617056, -0.011727539, 0.054351885, 0.008474219, 0.016480893, 0.06549499, -0.025227845, -0.022461548, -0.01598413, -0.011162591, -0.02733179, -0.01175676, 0.010997003, -0.0324358, -0.021623867, 0.0750017, -0.009019685, -0.0015438662, 0.048273824, -0.018458212, -0.0012023406, -0.03346829, 0.045819223, 0.0142016215, 0.027935699, 0.0011840772, 0.008055378, -0.010159321, 0.009365472, -0.009428785, -0.008571623, -0.06584565, 0.027994143, -0.025305768, -0.0056007765, 0.02470186, -0.009789184, -0.017299093, 0.033312444, -0.027390232, -0.006530992, -0.012984061, 0.00688652, -0.048117977, -0.0040836968, -0.0045293234, -0.00013294234, 0.030137047, 0.0413386, 0.008571623, -0.061871536, 0.046286765, 0.00044440944, -0.04761147, 0.02733179, 0.018555617, 0.0034456952, -0.02289013, -0.033137117, -0.043559432, -0.033721544, 0.0031607861, -0.00851805, 0.015545808, 0.016714666, -0.016139977, -0.013656154, 0.039858047, -0.06818336, -0.045234792, -0.034754034, 0.020649819, -0.011308698, 0.0045658504, -0.053806417, 0.022753764, 0.016441932, -0.014367209, -0.04313085, 0.015711395, 0.024799265, 0.010081397, 0.030253934, -0.0025714869, -0.06607942, 0.036312513, -0.009165793, 0.014406172, 0.029124038, -0.08602793, 0.020201758, 0.0068134665, -0.0049165078, 0.034461822, 0.002447296, 0.024078468, -0.0050114775, 0.001347839, 0.027896738, -0.029377291, 0.0026396704, 0.018088073, -0.019529665, 0.020727742, -0.07644329, 0.0051527144, 0.022656359, -0.011980792, -0.022558954, 0.0034603057, -0.06876779, 0.0019420084, 0.023630407, -0.0481959, 0.016510116, -0.038435936, -0.029416252, 0.05571555, 0.028072067, 0.007271269, -0.014961379, -0.0069839247, -0.043052927, 0.012292487, 0.0020637645, 0.02370833, 0.041182753, 0.03159812, -0.01802963, -0.050494652, 0.0011037182]"
Chương trình đào tạo cử nhân hệ chính quy ngành Ngôn ngữ Anh,"""Nội dung chương trình đào tạo - Khối kiến thức chuyên ngành""","""Khối kiến thức chuyên ngành: 1. Định hướng Biên - Phiên dịch (24 tín chỉ) 1.1. Bắt buộc: 21 TC - Nhập môn Biên - Phiên dịch: 3TC - Phiên dịch trung cấp: 3TC - Biên dịch cơ bản: 3TC - Biên dịch trung cấp: 3TC - Biên dịch nâng cao: 3TC - Phiên dịch cơ bản: 3TC - Phiên dịch nâng cao: 3TC 1.2. Tự chọn: 03 TC - Chọn 3 trong số 6 tín chi của các học phần sau: - Chuyên đề biên - phiên dịch: 3TC - Biên tập và hiệu đính bản dịch: 3TC 2. Định hướng Phương pháp giảng dạy tiếng Anh (24 tín chỉ) 2.1. Bắt buộc: 21 TC - Lý thuyết học ngoại ngữ: 3TC - Phương pháp giảng dạy tiếng Anh 1: 3TC - Tâm lý học trong giảng dạy ngôn ngữ: 3TC - Thiết kế và xây dựng chương trình giảng dạy: 3TC - Kiểm tra và đánh giá ngôn ngữ: 3TC - Phương pháp giảng dạy tiếng Anh 2: 3TC - Công nghệ trong giảng dạy: 3TC 2.2. Tự chọn: 03 TC - Chọn 3 trong số 6 tín chỉ của các học phần sau: - Phương pháp nghiên cứu trong giảng dạy: 3TC - Viết học thuật: 3TC""",https://hanu.edu.vn/c/6914/Ngon-ngu-Anh,,"Title: Chương trình đào tạo cử nhân hệ chính quy ngành Ngôn ngữ Anh
Summary: ""Nội dung chương trình đào tạo - Khối kiến thức chuyên ngành""
Content: ""Khối kiến thức chuyên ngành: 1. Định hướng Biên - Phiên dịch (24 tín chỉ) 1.1. Bắt buộc: 21 TC - Nhập môn Biên - Phiên dịch: 3TC - Phiên dịch trung cấp: 3TC - Biên dịch cơ bản: 3TC - Biên dịch trung cấp: 3TC - Biên dịch nâng cao: 3TC - Phiên dịch cơ bản: 3TC - Phiên dịch nâng cao: 3TC 1.2. Tự chọn: 03 TC - Chọn 3 trong số 6 tín chi của các học phần sau: - Chuyên đề biên - phiên dịch: 3TC - Biên tập và hiệu đính bản dịch: 3TC 2. Định hướng Phương pháp giảng dạy tiếng Anh (24 tín chỉ) 2.1. Bắt buộc: 21 TC - Lý thuyết học ngoại ngữ: 3TC - Phương pháp giảng dạy tiếng Anh 1: 3TC - Tâm lý học trong giảng dạy ngôn ngữ: 3TC - Thiết kế và xây dựng chương trình giảng dạy: 3TC - Kiểm tra và đánh giá ngôn ngữ: 3TC - Phương pháp giảng dạy tiếng Anh 2: 3TC - Công nghệ trong giảng dạy: 3TC 2.2. Tự chọn: 03 TC - Chọn 3 trong số 6 tín chỉ của các học phần sau: - Phương pháp nghiên cứu trong giảng dạy: 3TC - Viết học thuật: 3TC""
URL: https://hanu.edu.vn/c/6914/Ngon-ngu-Anh","[-0.022924885, 0.023502488, 0.021291662, -0.040392414, 0.081063665, -0.03873927, -0.014270791, 0.03134993, -0.03286365, -0.007090581, -0.0123487655, 0.030354062, -0.06142515, 0.029198855, 0.003375993, -0.01480856, -0.02756563, -0.042105306, 0.013922237, 0.0019979605, 0.022566373, 0.029099267, -0.0041577495, 0.025056044, 0.009391037, -0.040372495, 0.04481407, -0.010103082, -0.024259347, -0.023542324, -0.009191863, -0.0314296, -0.008669033, -0.010615954, 0.022984637, 0.017736413, 0.028979763, 0.008927958, -0.03059307, -0.05580845, 0.014400254, -0.024259347, -0.009171946, -0.03513423, -0.015495708, 0.033042904, -0.025693398, 0.016979553, 0.021451, 0.0006258409, -0.021431083, 0.017338065, 0.010267401, 0.012776989, -0.028282655, 0.0102574425, -0.0024834462, -0.014619345, 0.021371331, -0.047881342, 0.0367077, -0.03881894, 0.0173779, 0.07026846, -0.019021083, -0.022168025, -0.014848394, -0.032744147, -0.024498357, -0.037743405, 0.020574637, 0.010416781, -0.020126496, 0.019190378, -0.021570504, 0.0281034, -0.051585972, 0.018234346, -0.043778364, 0.0026415403, 0.00498432, -0.0023303316, 0.0019120668, -0.008554507, -0.028422078, -0.041826464, -0.020514885, 0.033361584, -0.03891853, -0.0581587, -0.033142492, 0.035751667, 0.007190168, 0.010924674, 0.07078631, -0.020813644, -0.005776035, -0.038002327, 0.0022170516, -0.008733763, 0.004371861, -0.008489776, 0.006542854, 0.019070875, 0.039994065, -0.04632779, 0.029796375, 0.001374298, -0.06891408, 7.3425826e-06, -0.040133487, 0.039635554, 0.04282233, -0.025215382, -0.0040058796, -0.03919737, 0.040950097, 0.014708973, -0.0067968, -0.0064980397, -0.0010543754, -0.050351094, 0.022845216, -0.033481088, -0.0043145986, 0.06955143, -0.016212733, 0.06855556, 0.022088356, 0.014370377, 0.074291766, -0.009764487, -0.024458522, -0.01955885, -0.009072359, -0.035552494, -0.013015997, 0.02115224, -0.03949613, -0.01797542, 0.054135393, 0.0032515095, -0.018991206, 0.04441572, -0.010894798, -0.0113031035, -0.030911747, 0.036229685, 0.024179678, 0.0457701, -0.0352139, -0.007912173, -0.019050958, -0.00040052572, 0.0016755481, 0.01662104, -0.064094074, 0.027386375, -0.023323232, -0.012279054, 0.010297277, -0.008021718, -0.026868522, 0.025892572, -0.032823816, -0.0045660557, -0.0025469328, -0.0039909417, -0.045212414, 0.006164424, -0.0024535703, 0.0033436273, 0.0058258288, 0.042702828, 0.031011334, -0.050112087, 0.04812035, -0.0073395483, -0.045371752, 0.03581142, 0.025852738, -0.002214562, -0.03346117, -0.026908359, -0.027705053, -0.04338002, -0.014519758, -0.012259137, 0.020415297, 0.010934632, -0.01994724, -0.014191121, 0.035691913, -0.057919692, -0.06305837, -0.029159019, 0.022387115, -0.006677296, 0.017238477, -0.05031126, 0.03284373, 0.034337536, -0.01661108, -0.03921729, -0.010127979, 0.040770844, -0.0005443042, 0.007767772, 0.0026788854, -0.0762835, 0.052741177, -0.005900519, 0.03618985, 0.04079076, -0.07548681, 0.011761203, -0.003649857, 0.0030249495, 0.029895961, 0.0037519333, 0.022327363, -0.0309715, 0.005656531, 0.034337536, -0.023442736, 0.015366246, 0.021172157, -0.021590421, 0.024418687, -0.080466144, 0.014390294, 0.019021083, -0.00038434286, -0.019120669, 0.012030087, -0.075845316, -0.0012118471, 0.0305134, -0.048319522, 0.022187943, -0.037245467, -0.023084223, 0.039237205, 0.014997775, -0.009157008, -0.019519016, 0.00052905496, -0.060867462, -0.003112088, 0.0169198, 0.022367198, 0.034556624, 0.044097044, -0.021172157, -0.037504394, 0.006074796]"
Chương trình đào tạo cử nhân hệ chính quy ngành Ngôn ngữ Anh,"""Nội dung chương trình đào tạo - Thực tập và khóa luận tốt nghiệp""","""Thực tập và khóa luận tốt nghiệp: 9 tín chỉ (TC) - Chuyên đề hướng nghiệp: 3 TC 
- Khóa luận tốt nghiệp: 6 TC
- SV không làm khóa luận chọn 3 trong số 5 học phần thay thế sau: Kỹ năng biên - phiên dịch chuyên nghiệp (2TC), Ngữdụng học (2TC), Đổi mới trong giảng dạy (2TC), Văn học Mỹ I thế kỷ 20 (2TC), Thể chế các nước nói tiếng Anh (2TC).""",https://hanu.edu.vn/c/6914/Ngon-ngu-Anh,,"Title: Chương trình đào tạo cử nhân hệ chính quy ngành Ngôn ngữ Anh
Summary: ""Nội dung chương trình đào tạo - Thực tập và khóa luận tốt nghiệp""
Content: ""Thực tập và khóa luận tốt nghiệp: 9 tín chỉ (TC) - Chuyên đề hướng nghiệp: 3 TC 
- Khóa luận tốt nghiệp: 6 TC
- SV không làm khóa luận chọn 3 trong số 5 học phần thay thế sau: Kỹ năng biên - phiên dịch chuyên nghiệp (2TC), Ngữdụng học (2TC), Đổi mới trong giảng dạy (2TC), Văn học Mỹ I thế kỷ 20 (2TC), Thể chế các nước nói tiếng Anh (2TC).""
URL: https://hanu.edu.vn/c/6914/Ngon-ngu-Anh","[-0.021322662, 0.043635156, 0.015249621, -0.051553823, 0.063844256, -0.027921552, -0.02276617, 0.045119908, -0.028107146, -0.008877569, -0.0076815197, 0.03872723, -0.078238085, 0.029468166, 0.00896521, 0.014311342, -0.015208378, -0.022271251, 0.030499242, 0.03006619, 0.016940586, 0.03249953, 0.005846204, 0.020621529, 0.006191614, -0.01874497, 0.035097845, -0.022147523, -0.03722186, -0.004433629, 0.005768873, -0.026354315, 0.016517846, 0.0036757877, 0.039593335, 0.026519287, 0.018002596, 0.010099394, -0.023096113, -0.05027529, 0.024024082, -0.035139088, 0.00424288, -0.029612517, 0.013940154, 0.035469033, -0.008197058, 0.022394981, -0.008501225, -0.0069339895, -0.025013916, 0.01832223, 0.014610354, 0.032829475, -0.0522962, 0.011434638, -0.01765203, -0.014538178, 0.0035933016, -0.047017086, 0.011826447, -0.04138741, 0.0323758, 0.048213135, -0.012331675, -0.035902083, 0.00066375546, -0.022889897, -0.027529743, -0.05188377, 0.007047408, 0.000446585, -4.317633e-05, 0.0125894435, -0.025962505, 0.030952916, -0.042439107, 0.011011897, -0.04167611, 0.011475882, -0.0146206645, 0.006562802, -0.0026498665, -0.0062637897, -0.021508256, -0.034046147, -0.071309246, 0.020580286, -0.027797822, -0.061039727, -0.037448697, 0.07007196, -0.0041990587, 0.01899243, 0.05039902, -0.038644746, -0.014569111, -0.011970798, 0.0082125245, 0.003987688, 0.004113995, -0.017425193, 0.011919244, 0.004668199, 0.038521018, -0.040108874, 0.029509408, -0.03825294, -0.09197202, 0.00033477764, -0.06466912, 0.03449982, 0.04190295, -0.013104982, -0.01469284, -0.02697296, 0.027282285, 0.008011464, 0.020704016, -0.010568534, -0.0061297496, -0.034809142, -0.0011664053, -0.042769052, -0.023756003, 0.085538104, 0.0050368086, 0.06755613, 0.024766456, 0.0063565867, 0.078073114, -0.005552347, -0.02157012, -0.02264244, -0.0145588, -0.021425769, -0.00502392, -0.0037531184, -0.028354604, -0.028643304, 0.08219742, 0.005119295, -0.009918956, 0.021652605, -0.0031602494, -0.013115292, -0.009248756, 0.03194275, 0.008073329, 0.03357185, -0.020281274, -0.0020763304, -0.00816097, 0.010733507, -0.008614644, -0.026189342, -0.07225784, 0.038541637, -0.032396425, -0.020126613, 0.02466335, -0.008454828, -0.023838488, 0.039407745, -0.010826303, 0.019600764, -0.0057791835, -0.016074482, -0.04491369, -0.00045109596, 0.005578124, 0.009872558, 0.012012041, 0.041717354, 0.011950176, -0.041593626, 0.047264546, 0.009140493, -0.054688297, 0.019208955, 0.028828898, 0.017909799, -0.03664446, -0.033468742, -0.0528736, -0.042686567, -0.005743096, -0.0047609955, 0.016074482, 0.012053284, 0.0010858524, -0.01629101, 0.027220419, -0.057616554, -0.04330521, -0.029695002, 0.0121563915, -0.01780669, 0.008573401, -0.052213714, 0.01104283, 0.024642728, -0.019074915, -0.042686567, 0.02977749, 0.015301175, 0.0021884597, 0.019982262, 0.0039799553, -0.055636887, 0.044789962, -0.002997855, 0.019631697, -0.0036397, -0.06392674, 0.0031860264, 0.012888456, 0.013290576, 0.047429517, 0.0060163313, 0.01645598, -0.0058049606, -0.012383228, 0.022023793, -0.00015997796, -0.0026369782, 0.022601197, -0.0248077, 0.025735669, -0.06466912, -0.0010420317, 0.020724637, -0.015548633, -0.017012762, 0.005737941, -0.075681016, -0.0011896045, 0.027612228, -0.0436764, 0.037551805, -0.050605234, -0.019466724, 0.03909842, 0.02775658, 0.0027194642, -0.006444228, -0.0017541188, -0.06784483, 0.009712741, 0.018641863, 0.0122491885, 0.040356334, 0.042439107, -0.011424327, -0.038789097, -0.0009524569]"
